{"cameraMode":{"drawMode":0,"name":"Shaded","section":"Shading Mode"},"sceneLighting":true,"audioPlay":false,"sceneViewState":{"showFog":true,"showMaterialUpdate":false,"showSkybox":true,"showFlares":true,"showImageEffects":true,"showParticleSystems":true,"showVisualEffectGraphs":true,"m_FxEnabled":true},"in2DMode":false,"pivot":{"x":0.2711285352706909,"y":2.2974722385406496,"z":1.739128589630127},"rotation":{"x":0.41031333804130556,"y":0.027351850643754007,"z":-0.012313135899603367,"w":0.9114516377449036},"size":2.3073925971984865,"orthographic":false}