{"cameraMode":{"drawMode":0,"name":"Shaded","section":"Shading Mode"},"sceneLighting":false,"audioPlay":false,"sceneViewState":{"showFog":true,"showMaterialUpdate":false,"showSkybox":false,"showFlares":true,"showImageEffects":true,"showParticleSystems":true},"in2DMode":false,"pivot":{"x":0.4562765657901764,"y":0.12800657749176026,"z":0.09585237503051758},"rotation":{"x":0.18476004898548127,"y":-0.019838547334074975,"z":0.003712365636602044,"w":0.9825766682624817},"size":4.277287483215332,"orthographic":false}