{"cameraMode":{"drawMode":0,"name":"Shaded","section":"Shading Mode"},"sceneLighting":false,"audioPlay":false,"sceneViewState":{"showFog":true,"showMaterialUpdate":false,"showSkybox":false,"showFlares":true,"showImageEffects":true,"showParticleSystems":true},"in2DMode":false,"pivot":{"x":0.6852583289146423,"y":0.4891018271446228,"z":2.8334150314331056},"rotation":{"x":-0.028716105967760087,"y":-0.0787883922457695,"z":0.002270384691655636,"w":-0.9964761137962341},"size":5.477288246154785,"orthographic":false}