{"cameraMode":{"drawMode":0,"name":"Shaded","section":"Shading Mode"},"sceneLighting":false,"audioPlay":false,"sceneViewState":{"showFog":true,"showMaterialUpdate":false,"showSkybox":false,"showFlares":true,"showImageEffects":true,"showParticleSystems":true},"in2DMode":false,"pivot":{"x":0.2517392039299011,"y":0.6153149604797363,"z":-0.5917727947235107},"rotation":{"x":0.09422098845243454,"y":0.0097706513479352,"z":-0.0009425628813914955,"w":0.9955039620399475},"size":2.1222217082977297,"orthographic":false}