{"cameraMode":{"drawMode":0,"name":"Shaded","section":"Shading Mode"},"sceneLighting":false,"audioPlay":false,"sceneViewState":{"showFog":true,"showMaterialUpdate":false,"showSkybox":false,"showFlares":true,"showImageEffects":true,"showParticleSystems":true},"in2DMode":false,"pivot":{"x":0.01960846781730652,"y":0.2645055055618286,"z":-0.22933340072631837},"rotation":{"x":0.15075771510601045,"y":-0.01995428279042244,"z":0.003025868907570839,"w":0.9883660078048706},"size":3.3772873878479006,"orthographic":false}